8255f1e8-b185-48bd-a726-d0679757b82e	2588533495
5112c382-3b13-45c4-876f-dfd46b367eea	1052255478
e289a1c3-617e-4b79-baa3-093900c63b47	476295718
1aea16cb-5c70-4a63-9f42-0141440167fb	393775577
a4c67f33-7917-4332-902c-10b53a471b11	3377838211
5a6e83bf-5ed9-40b1-9324-f30954ab1daa	3603354867
8e10af26-886f-422a-ae09-a419a90ec45a	1266221214
dce9175e-63e8-454e-bca3-fd4e5a7e2d68	1834491345
392a0ff3-7a2a-4eb4-8833-e8c75d7c50ec	1100136352
c2ca4841-e9b0-4dba-86ff-60bb7cead091	3762609575
97cf513e-f19d-4762-864a-19d589cf2882	3538576873
50985119-9553-44e1-940f-4e195e11ea80	574548179
430be89f-8a12-4f24-8db4-dd37026644b4	3337508748
496617ea-b2b6-43d3-825c-8858bbc1b3a3	563309713
8b703066-e011-465c-bcf6-257afa625ae3	3605566504
f26865df-a157-43d7-978e-c0a7c5fd1032	1433317162
58019d06-dabf-4c21-9b76-9802a5a06518	564734517
f56774be-a97a-4ff6-89c9-73265fe1f1a8	1742288653
4d375996-1227-4dbc-9153-197efe91eb5e	3425959961
73e522b9-ce56-4a0c-9380-94e301cc873b	4190461926
8dbfc6ee-c61d-4829-8282-bd36e3c24a20	852939565
6b4ee53e-f8cf-41bd-9ad9-ae247822a80d	3354807896
15395331-c5a6-42a7-88b0-fd94a7c9f85b	2203613554
3bbf7678-2627-408b-aecf-890f4fb86ef4	4038334604
72fc0cec-d749-4d0a-9b14-2a879a4093d3	4131605465
c08c212c-8957-4158-acfe-6f9b36ac9799	3337508748
786df7f1-8c66-4e8a-a088-2163e47f5427	1608550253
37e8a81e-9f55-4742-8814-69f813c28b9c	3599604450
29dd7cf7-8b75-48c4-a9f4-60dd110a3d2a	2588533495
7e93507f-8e2b-4bee-9715-c77d242260ac	2912222548
69ed3f63-6a7d-4507-9633-42c87d817155	2859396361
6c3be3db-fb15-4f5c-9622-d8b6696a17de	3889108738
5245a2a3-c32e-4aa8-948a-d8b559138762	2203613554
b6da264e-cdd7-49e4-b23c-cfe5b724637b	2764795913
ab45fc1f-2f6e-43d2-801b-0995c4d51de5	3354807896
015bcd63-b44b-464c-82bb-61480cb03474	564734517
fb9261a2-8ebd-412d-b836-983c5ec7c9ec	3798311982
ea151a25-632b-4431-a19d-783c298d8d1e	2880332019
06c136bc-7677-4975-aca6-0a869ec90cdd	1209812225
600746de-af69-48c5-887d-c1fb29904199	3941740024
95f45298-394e-4d11-b81f-6e60bdbbc155	324007161
9ed922c3-a48c-4b05-b956-3693fd42aded	564734517
0e6719c2-ef63-4ae0-8593-0622cd093a24	751346170
65355508-7514-4e39-b02f-a8d4dc0eae45	3889108738
763a210f-cd0b-4559-9849-9f8d8cba028a	1199174736
4050c836-0dbb-4e22-a727-e0db4327b57e	2926770932
5e8505c7-9bf1-4d20-a4d1-cb0a2e5353b6	1980823553
b28ee068-e0ee-461c-a6f3-f25ace32cc85	4041315563
3c7e9897-87e8-47d2-80a0-6add75a84ac6	3337508748
625acdfb-161c-499a-ad0e-3e11567b1e0a	3842143975
d78f1d50-3059-4643-bc0a-2a61f3c7b00e	4032142115
5a1cfe76-c81b-4503-b616-d5643c3ee074	1142760152
d5f5f56a-5436-42f7-8ef8-2eb8439375ef	1052255478
6305cff6-b3ab-4ef3-b604-e1c213246e58	1144074037
774093ee-675d-4ad3-8a9c-0a40c1b68291	4032142115
d9bb305d-dc6e-49ba-ab4a-ef03adf4bab6	2784834646
791964f7-e63c-4df0-b433-9ffe05b30396	564734517
23edc140-4ad1-4e03-9172-862c042d119f	2943560133
9e7e524e-e35d-436c-bd56-aded542ed1dd	536617595
ad90f3d4-dc13-4676-a719-565f417a47e0	4041315563
f29e13a4-75d6-4d40-8339-a68771fc7df6	2203613554
7214de25-5bba-4237-9e9d-d5a4d892a2f4	3377838211
74bfc7bc-0a5c-4832-9fbc-b4bf7643e5c3	1918852244
0209b073-8982-4b44-8c46-92375963420d	3599604450
8761c0c3-5fb1-41f3-b372-efee185a9ed8	4131605465
2ffd057b-985e-4d84-84c2-6a6a56e6eabb	1918852244
e9475151-b6d1-4c3c-93c9-f8b887cc799e	1144074037
62269a0f-d9b9-450e-ad0f-1cc02f641591	1100136352
204d321d-aa1b-4a5d-86a4-487e3e206e93	1100136352
0b1cdf61-a6d0-42ad-a56f-bf3a40186999	2648294038
0b1a4b4b-ed6a-4e75-bf30-d1711e700bff	1479694738
9656db85-89a7-4014-af65-146e2b041d5a	3842143975
8913b6ec-ba61-410c-af15-6ad50cc9a251	824492632
f831627f-b14d-4dd1-82bf-b536b7ae5beb	3798311982
85d3b32b-06ab-47ca-ad78-6275c78197cb	2816400542
03d6e0e1-fa8b-4f6d-8f1f-c24c339bf6b3	3960180429
ed84f3d4-2294-45b3-981b-05c18d424995	2926770932
ce9605dd-6483-489f-82e9-2d24c349d44e	4251873952
d2dc7829-e60f-4258-9e7b-4193a9c4acc6	3941740024
00d3da3c-88e8-4f19-80e3-3973ac3f946a	1229543819
82a7b0d8-4bf8-47ab-84a6-4cd913647114	4190461926
2a04a627-196b-4051-9bd1-d747740a47b2	902609034
aa97f9f0-909c-42fb-840a-8e34fe282b93	3204018216
1591210a-9a7d-4369-b877-135549acb656	3941740024
b29f50f1-7d47-4808-b2dd-2291746c9349	3171500529
cefb2288-92d9-441e-b67f-b111df035862	1030322742
c1bc37d3-2f9f-4022-87aa-d012209d79b8	1984541705
d89565a6-e28d-493f-ae60-8fb1482b7131	1834491345
fdbec465-08c5-4bb2-9ddf-ba02015ce0f3	4251873952
bade4695-008a-439b-8659-4856eacce91a	1052255478
550890ae-5937-40e9-b339-b706540be273	1608550253
390eb522-d4d7-4024-9acf-6f1246966c84	1393186761
eace3faf-8ce0-4a0c-adb1-b8fbb60677d5	1209812225
bc5fadd1-650c-40ab-971c-c0b5a6618bba	1479694738
dfd1931e-8d8e-4326-a173-49ac3caafdad	824492632
899673a8-b013-4590-bef3-21aa9834ab8b	3275610905
c342db2f-82dc-431a-a3ca-ea90f4b3c1cc	2646434882
43397d71-2202-4478-91f1-0a31c9557745	1266221214
79836a79-5caa-4db7-abe2-07fa6b188398	3124684287
164b13e7-2f50-48f8-bd7f-03ef7b9d2b1f	1918852244
b87377e1-842c-485f-a5de-96f7d6013a96	4251873952
192311d3-bab6-410d-977f-c3dd433fa985	1742288653
c54d3a54-7bc9-424d-bc05-788c348bf080	3941740024
e62422a2-790b-4095-bfb2-a6ca3e8ea879	2784834646
ae7efd11-b9f3-4e6f-9d36-93beb7be70e8	1661040623
4cfd4af9-aaf3-4467-a1df-6003342396fd	4251873952
ca611137-1526-465c-9ea8-0f23d13a7e56	3599505778
867412ff-166b-43b1-a3fc-1a8c965451f8	1030322742
cf9dd4b1-50d0-4d5b-bc8e-3ed453360561	2250608643
4dd8d17e-d5bb-4ffd-8b78-e8565b79f84c	3485904792
3192274f-32f1-442b-8fc0-d5491664a447	3425959961
91838772-41c1-4da1-be90-e6fb390e29c5	3124684287
592296ba-ab72-4c92-b127-80c4f0dec5f6	1512019608
542b50db-acaa-413e-be53-2e75c6a1e096	1361752815
2825ff85-1687-402a-955b-c0dd0554cd2a	202166029
15cfadbb-2c9c-4491-aa1a-26fbe51f1422	1321322089
ef3660ac-bcaa-4b43-a541-952f2983bf2b	2880332019
38877818-d0fc-403d-8e90-4387f55b5dc0	1433317162
4346b54d-d5ed-47e5-a78f-a12505768652	1361752815
05884b8e-08ca-4353-9069-8428f31f07df	4038334604
d94c301f-508d-488c-b327-082d89c6289c	536617595
b12e5f77-6e5c-4cee-a0c7-2406f890c8e8	3337508748
96a0b246-943f-49b9-8014-c61dd7aa46ed	2880332019
48091dd0-991a-416d-829a-cf2ee31848bc	2588533495
46888404-bf88-48c7-a237-52b67b3adb05	1199174736
e637c4f9-4c55-485a-8def-ff8749a302e5	3204018216
c9ac9779-6395-432c-9e64-a2bfeec1d837	1321322089
319cb6a6-8ce5-4536-b3cf-2a51effb37ae	393775577
b25c305f-8c65-4d20-ae5e-88534802bf76	2864590958
a3528704-184e-4d3f-a7c3-015ad7d7b9c0	4114764548
e0f5eb6a-b9b9-43df-aa61-cd78ee2949c2	4038334604
ed2a8b94-3195-4e65-a0d2-20f05866cd18	1475973201
4717d5f6-dc99-49b4-b5e2-e4ec34e9ad54	2203613554
9fc3901c-74af-4914-a194-b3320b25725a	2726759692
33675981-9f21-45b4-9d62-f7cf71a4d441	3275610905
7932cbd0-8cc8-4809-bc74-fa8f2eaa4469	3842143975
336525d7-40c1-4512-9cb5-9f449832926c	3603354867
72eb860d-11de-4779-80bd-36ac9c1ebe89	1052255478
6c71ce26-8db4-4f26-ab52-7ee0e29f3d6d	852939565
61d7d036-f975-491a-8d35-6e9b0bad784d	2609259492
ac9bc485-b805-463c-811f-7aca79111201	2926770932
932b5b32-12f6-4ff7-9d2b-a8940a43f2bf	824492632
3cb2c7cd-f32b-4007-98f8-d72357ca9356	2588533495
b264ac96-2ca5-450a-a310-a9a9bcad79f8	3599604450
308675d5-e5d7-4e84-80af-bc5d64f5b4da	3337508748
101b4393-31fb-4a4d-a010-a9f9f6684472	3294417098
ca16eba6-636e-49e5-b4bb-48e8c6075c8b	1512019608
310cd109-4720-4e5b-82c0-21e45fe04b0a	1142760152
443ea019-a52e-4a4b-8168-be20d7669e90	4032142115
45cee6f0-d7c6-4032-ab9c-18052cd1af2e	4254649063
875701e8-315f-4dcd-966a-0c8220700ea4	1834491345
b744c741-cc2c-4c88-af40-c1e671b5fce5	4032142115
1f5527a3-ce93-4e0c-a800-8494d1961ddc	2864590958
fcf2baa9-81b6-499e-9157-5855bce49c51	3798311982
01b11bec-49ee-4fa1-9a6c-f959d6707f1a	4114764548
a2c52c0d-267f-452e-9c5d-500d9d57af06	4190461926
9916bc65-3d91-4db9-a0fc-6944b95bda0e	3889108738
8a6e19a8-4cf4-4c2b-8899-2e36cb812a93	4041315563
8b88475b-05cc-4340-a205-d71d751e151a	3812595908
6370285f-2f72-42c5-bfc2-24b66988271b	3812595908
8ed6bebc-ef3f-4686-84c4-68dd6b4d38d9	3345045202
9a6cfc99-b43e-4762-864a-b450a8dfdb6d	2943560133
7efddfb0-1941-4371-940f-1221f6fa7996	839484690
8d4f8ceb-afdb-43c2-b27a-8d0a58c28624	824492632
2216c1f0-ec7e-4daa-a095-9231b443cd3c	2648294038
15ef4ed8-e766-4eb5-9971-1bfde22181f1	2648294038
89c3d3c6-71cc-48bf-9be8-bb70cbf28528	3294417098
d35b31e2-ff2b-45f9-9fe7-9da2bdb5ad95	324007161
8349ad74-f175-4918-be2c-0d935dbd4ec7	4041315563
a11c2e42-094a-42bd-ac0d-9685d2a6c858	2859396361
6763cca9-c6fb-4a04-a327-ae51a53a817e	902609034
83c8d4ad-a683-4b7c-9857-c44198f932d7	1052255478
1799e540-1d0f-4e4a-b819-4936306ce8f9	3762609575
31fb020c-0c02-4e17-a8aa-655176c00147	3605566504
526fef7c-2c15-4c23-8765-3489a58202aa	1535287766
a59294e9-6e06-4524-a6bd-e123caed9ce6	4150439570
56c0f1e3-eec9-48da-ae77-8ac47aa3d1f9	4251873952
4912426a-6206-432a-b669-097ac481a17a	1834491345
65041cd5-9f7f-4bcf-9cfe-5e059d1a5ab9	563309713
c045a8f0-f439-4be8-82a0-8a42d281514c	4038334604
ee91f3a7-9a1a-4166-9d52-ae333a8b7fd9	852939565
3a55d8e4-d04e-41ab-b3b8-c250bc01da30	1608550253
88bb57b5-abe0-49da-9412-7fab98267cd6	1209812225
ae4b6050-db4b-499e-b453-f2a124827645	202166029
f53f1cdc-cfc9-4490-a1eb-6a230c8b0bcb	3538576873
59f185f1-73b1-4b7a-8f9d-5e318137d787	2000081159
a3951a5d-9e63-41f2-a21c-9698d85859b4	1100136352
7602b552-ae1c-4ad6-bb5f-be5d7d3c2536	2784834646
bb662321-cb14-48e7-989b-3febaa30e69b	1209812225
cffde3a1-5caa-4d97-8adc-831ad9ce0ca0	3294417098
1c854ffb-bfc2-49e1-893b-416d1d3d88b8	1361752815
fdfb0d84-4725-43dd-92c2-c3f71eb95e15	2250608643
96c0f871-98f3-4688-af6a-ac480417baaa	1980823553
042ab60d-4ba7-4667-a410-4bc95616de4f	2764795913
86afed9a-2c78-4e70-ad0e-406c68e2d1f6	1475973201
ea2bcfbf-c6bb-41cf-871a-529fa937597b	2207567388
c8fa0a5f-bb99-43fd-a58f-7f5101691f34	3425959961
390536df-b49b-40c7-824b-bbc4f96094a8	2358393908
be5e784d-6cf0-40e3-8efc-6600fd87b776	2816400542
15140f1e-77ee-45fe-920b-e22b9e4c0889	3377838211
957df5a6-13a5-4967-acb7-9b28d5f68d8e	4254649063
f0857aa9-cfeb-4b59-8766-a8e5260b9855	751346170
f4669335-a1e9-4844-b698-1b5c41719ac7	3275610905
8e212735-2225-463c-9d42-f0b96a54fa86	4144029197
62f9f347-fdb3-41ca-821c-22a71b9206ca	4032142115
3a735645-9412-4991-b7b5-fa2a578b6a71	2358393908
a59f1ad5-abfb-4c5a-9862-407a02e5d4ae	1321322089
f5246dad-4ed8-4f25-b9de-634abfba617f	1229543819
24813126-8fee-498b-b0e9-7d20facdcb3c	2764795913
950e32b9-6bd4-47ce-a6c5-683ac7885352	3941740024
b5aae144-326f-4436-84eb-c80de2102980	1661040623
d65e9c41-ad8b-4442-a93e-344a40e45c75	3294417098
6f8de435-7eef-4b07-803c-b8acaa4caf01	3337508748
ad3852d7-46d2-4856-8a60-5164d84d3024	2646434882
5d179960-f7a8-4b5d-80ba-4f09f5f20e34	3124684287
dc0c26c2-1837-4221-9b6c-b5043a49f646	852939565
f2cc7831-0fa6-47e2-bc4a-2a7f452cda7e	2726759692
40ff6da6-d08c-4d10-930c-6650d71deba4	3599604450
56da2e7f-221b-4dc5-8119-67623523a7f7	2926770932
4301d285-f87a-4154-b929-cc22ffe11d44	1661040623
3d199aa6-42a6-4a2e-b710-03a8bec22b46	1393186761
f6d79a64-bb2f-49b3-9d24-abd361d9ebb1	1144074037
474c2717-25ff-406a-be93-d8cfad877bec	3751487373
6ee58737-5f79-4c50-927c-952c8e317bee	3485904792
2bcdcf99-2b18-4a53-bd17-1872c74f584f	2187794748
d5c9ab07-6ebe-4ac7-9390-dd8bb75137ce	1742288653
b29530d2-730f-4e22-a1c8-f84c2c1f1f5a	4041315563
99de83a4-a81a-4820-991c-3cb427ed9f1f	1100136352
46bf6f68-5898-49fb-92a5-9ea08a2df3ec	4251873952
e698d04f-fd90-48c6-88d0-a23eb043c1f9	202166029
42ebc4c2-a6ee-4a03-b585-123d085a7c98	1984541705
518b48bc-68e4-487c-a155-ed7bcfcd4fdf	563309713
8bca6d19-9465-44c5-93d0-25888b13f627	3538576873
9a0656e7-1cae-4f41-8e03-a41e43084903	2000081159
5d67de16-759b-42ad-ae1a-638443bd380d	2609259492
d9cba99b-008e-4306-a4a6-a0212dfe3208	2270084402
8116681a-5bc9-426c-9e73-fbb091433376	3204018216
e954c4ba-78f8-4dfe-9e20-587d87fe3980	3488960581
aed6c728-3ea1-42a7-aadf-860de593fee5	1479694738
4c91d40e-02fd-4294-814a-82d6fff0aba9	2609259492
08bd8adb-0ade-447c-86bc-50ea6b846127	2646434882
a279665a-d696-4a8b-9385-7349e3ce9cc5	4038334604
0895a875-400f-413e-8e7e-322150b5f3d1	2187794748
6d385236-51ab-4738-9d4f-4c0f261f357d	824492632
740103f9-7299-4b8c-b6ee-03d04385182a	3124684287
fcf98e5e-3b17-4774-aac4-60cdecc1d65f	1888819336
5cb0d488-3f72-4c37-8408-2d5e9cec3848	1199174736
54438956-308d-4bdf-ab06-1b8601377979	751346170
3ca304e2-898e-4e80-9e03-d169d4b01201	1321322089
c1d06fdc-b88e-45a4-a01a-0a036f720fe4	824492632
4a060cde-578e-4fe1-a396-8d72a720f4f6	4032142115
8adbe156-376f-4452-b4b2-e011fdbe47a1	1888819336
09405017-f194-4f04-b52f-1276af027b79	2000081159
ef10e153-318a-43dd-bfdd-526167d94edc	3275610905
19549380-f02f-40ba-97dc-92350b7bca41	4251873952
a5a72389-99b7-407b-a76b-e647290a1156	4041315563
4df5f1d3-d3ce-41d6-91b9-f67755eb4f83	1918852244
8914474f-9ef2-41b9-a150-9fc0db287f3e	3377838211
f21a0704-c4de-4a22-b04f-88db2eceb600	1475973201
e03401b5-4125-44a9-a788-78ec2aa60c53	2784834646
2bb6e426-65d3-40d4-8111-1579d213d3ca	2250608643
3df987ae-61f5-4707-8bfe-25c3944500f0	2859396361
4a3dd442-0183-4612-82f3-2ddf8f972fca	3171500529
07a0aab0-2012-4cff-8b26-b1d1efb0a47a	4144029197
5214171b-96d6-47c9-b74e-bd8898e57315	1393186761
5b830652-00fd-4c01-9d9b-04950037e5aa	2270084402
59418f37-8e81-4d8c-a6e4-74555af47812	3275610905
ab9b2b3f-a226-4509-86cc-4ef07420ff9f	3605566504
4c105c51-6fa0-4d3f-80a6-186a9ac8a0f4	2764795913
3ad33ab2-6159-4132-ac97-1c6f889f97ec	2859396361
9f008476-257b-4772-b349-55d326dfe4ab	3282452566
3b4fcf57-b414-4616-a0e3-c967cd6518ff	2358393908
99f03b8e-3019-4aae-9287-c4b7d1168e0c	1340006211
02d0f145-9f13-4593-b0ac-ee124aaaa2c8	4254649063
984ce394-ad2f-4ab7-a946-40f794873a7c	1980823553
83233804-cb79-43ce-abab-96d2b0775141	1030322742
11b0c0f8-4389-4a30-a76f-a9877cef7de0	1433317162
807856f4-25fd-4d3b-a7bb-e15343f44001	2358393908
bbe56728-51cf-4092-a50d-5330cfffc2d5	3282452566
841d10e3-6b45-49ee-8582-fdfdb5fbc699	1340006211
eb78912f-68fa-4c4d-9b7a-612714d55a91	3354807896
28002eb1-0e8e-4f86-80bd-5d9b2e0733cb	563309713
d5be999a-e0d9-4e9c-9edb-e2b266b28102	2864590958
f4547664-ad25-4bf5-8887-bbc1302de487	4150439570
2a7fcca7-7404-45b4-a162-505e63121062	3751487373
7bbafb54-3726-44df-9f00-2dae5dd295bf	1661040623
4251177c-ce78-4bc6-a7c1-a43548e35609	2646434882
6dc5131f-2189-43f6-8187-f116aa8a3222	3889108738
b3e25a31-4c92-47d1-85d7-8ebc3a7ab9a1	1918852244
802f679b-6c4b-46eb-897f-88f2dfa08905	202166029
72395f74-5102-4713-bde8-8e5b023030cf	4114764548
1130c686-6359-4fe0-9c2d-dc5641fefba9	3605566504
5d6eb25b-9918-4c5d-8789-b55885b09763	4251873952
6b91136b-3db4-4bbf-89e7-57c51d5db579	1229543819
2a7ce1bd-d29e-4220-97e1-51ae9c614aed	4131605465
3621cba8-3426-492e-909f-5639abfba2ec	2187794748
ae1c54c3-894f-481e-9968-0d6cb1f4e164	1144074037
9b7f1b44-2c80-4ee1-8afa-e5ab00d12342	2912222548
8528b84d-4c78-494b-9ff5-e79800489c9b	1393186761
1d82a67e-3a37-491b-8e0a-54edf1c65ddb	1433317162
2fa7a43a-d08f-42b7-b756-5a93faa8c151	1834491345
06a8c2e8-d900-4fa9-aa96-281b88308d06	2250608643
1d16d300-4b72-41e4-ab31-a36fd44f06f9	1512019608
d0e7de34-7ac2-4cf0-9866-1f0566d3b9a8	1361752815
c47031dc-3db5-4584-8535-a046c44765f2	4041315563
e8b946f7-b3c6-4850-8d0d-c4f7755cb5cf	1433317162
456f905d-875a-4629-8c6d-8df116c80127	2609259492
95f39187-060a-479c-aa29-f41e55c8074e	2203613554
a0fe1778-267c-4078-a061-9294b79e3552	1661040623
75a775d7-cd0b-4cab-b312-44eb2fc6064e	1266221214
3556dc00-c4f0-4ee1-9927-2874a48a4252	4190461926
c311378f-a5c3-492b-92e9-44eb4275de0c	824492632
9d1fef42-84a4-4966-a9a6-be9967d7c19e	3751487373
63ceec99-19f1-4a4d-acd3-da17f9f8e3eb	4190461926
e3995b75-dfd3-4182-a56f-9a0609b1514b	2187794748
be1621c8-fda1-4efb-9165-f161c285a6b8	1142760152
4b19cd66-85fd-4961-94f4-4d2996b6549c	393775577
41d7bac0-c56e-4a55-a486-a9f105a673d8	2207567388
e33e1c37-7e34-4e77-a224-1a3dc9b2f2b1	4150439570
1f39562e-7c07-4d98-ba37-da2dbd146c57	393775577
3e30aec0-4b77-4232-bd8d-40b1a17d0a09	1984541705
59cbfd79-dcfc-40cc-8b65-07f12b18e0ce	1951601812
d0aadb81-ee36-44a9-b44b-cb7555407d78	2648294038
2813b44a-9c4c-4034-98ef-8eff296391c3	1340006211
e93cae6b-a6d0-4f2c-87d1-5cbf65ca5dbd	3889108738
87d1914a-fea6-48df-b097-7fe981b155aa	2187794748
a18645fe-3d7b-4f12-912c-7a1863e1db86	2000081159
99d92fe5-a0a1-4224-87d2-11542ed96cfe	902609034
115590a6-dbd7-47d8-8e45-f98b085a8bab	1608550253
e87bf707-b3c3-44de-a689-c2eeaa5c5fb8	1951601812
171e55c1-7cc0-438c-8c5f-4cc4794b6a56	3171500529
665ff925-718b-4707-8cef-1a413009fc5b	2207567388
c24c0d27-f846-4b58-abbc-f3c0ca5e8ebd	476295718
7ab07448-e00a-4302-9c20-2db7d1174b15	1984541705
8143c77c-76d5-42b3-9d07-f526b781233f	1144074037
b9f64b87-d5cc-40ac-95f4-930684dfa48e	1834491345
acb2259b-66a3-4f66-a2fc-75e6d41b68bc	1888819336
b65c52b4-cc02-43fd-9d26-4ee4ca4a3d41	2270084402
3f2f9892-fb5e-46a2-aed4-99db6a08a626	3752066016
7251cd8f-aef4-4917-9fd5-660374beaf43	1229543819
a1f7d2c3-f466-435b-80fe-a2e72f70fffc	1052255478
1049d447-b6f5-4b4c-80ac-10606c56bc9d	4114764548
514f518f-c6b1-4e01-9c4b-eccaa75dd192	824492632
8061b7dd-943e-4242-9d69-4332320e0320	3345045202
a8828ee3-6cfe-44ae-9fbd-90515560aa76	3605566504
202d0c55-d060-492c-a0b8-fa85df2400d4	3345045202
f63acf24-b8c6-4ecf-9912-82d49e441d34	1321322089
7fa694cd-b91e-4395-82df-bbdb0d4a3ab1	3812595908
0ec820ec-e893-4278-a38b-618c5496816f	3842143975
dea5bb99-ffbc-4005-8307-c8cec04137a3	3345045202
6611c1bd-8a1d-4863-97f3-905e5ff7e542	3124684287
ba89abaf-d55d-4f96-a8f9-e9c4cac5ee2e	1951601812
4f4efda3-0326-4ff3-a9c0-0b9144ba0b5f	2000081159
e15c2f9b-d33b-475e-93f2-d6b3cb44466b	3842143975
d46a8aeb-56d1-4279-80aa-9d6225b3e79b	3762609575
5b05888e-a3f6-4097-af3c-eaf6b8574377	4190461926
0b060b30-2dbe-4d5e-ac5b-f156f9df0e44	3762609575
f4a9f47e-cee5-4618-aeca-ff016869e076	4144029197
6ffb55cf-6dd3-49a8-a01b-4d501403de19	3941740024
d21a3883-f5ba-4204-a169-ff6bc7153aad	1742288653
b4320b74-5a3a-4760-948e-54c2c98845fa	2864590958
58f5e2a1-3a62-44d2-aebf-a23fa9ffdb17	1918852244
129f18df-6d0d-4e61-9fba-e808fed01a4c	2270084402
b5ff6a52-01dd-4a67-9266-f9b1bae95f6c	3354807896
52452fe6-c648-4a01-8a95-f505133648b1	2859396361
4f663741-f27f-4a62-bad4-f1e36fc528b6	1340006211
52198ccf-bb6d-45a3-82d1-887ffee7ae78	3294417098
94959e5a-7eae-469c-8352-b21c40e6898e	4041315563
511fd363-bd45-4da9-99fe-f06f5cfa8376	3599604450
0a7e0fa1-154a-4e72-b930-402fd8167f18	1030322742
3acdc333-63c2-40af-9817-bba41ffdc08c	4140816534
085d0cc7-88eb-4ff4-96ce-0f97a5f1b462	1361752815
ef3c1a4c-33e1-4342-8bc9-5c75edcae0a1	3599505778
60d4450a-462c-42f8-a1ce-67123d415752	3485904792
6740e24a-7cbb-4f22-9f01-7dcf69bbb83b	2648294038
e9d9b268-055e-4109-9032-2be403db9496	1199174736
73297293-32ab-4bc6-9df1-9a5ab20955be	3294417098
84bc3998-06ec-4d5d-9750-8b0ebc6913ed	2816400542
8f9b5fa3-4574-43c7-a5da-d64eeb447b73	393775577
cfdb9644-5933-4ec7-915d-fab1cd000baf	4144029197
7c85e3a3-5c6a-4b50-bea2-5170636588d2	202166029
ea58024b-8ef6-4bda-90d9-d804fb248e8f	4150439570
453dec2b-413d-406f-994d-83b2d2d5a4b8	1030322742
4b9e2e05-c293-423e-92ef-80ae95792d66	3345045202
ed9e572a-3ec5-4598-ae0b-0d6fd8ccee19	3842143975
79a4efbb-4425-45c2-8df2-389e7ea35b3a	1142760152
4fa1b521-242d-4b9d-b5a9-51d1746bfbf6	393775577
872b7582-2028-4917-8fb6-9b165926ad3f	1340006211
7fdd0ad1-5d5d-4f8a-b2a2-f52cb6abd837	3752066016
9cc23ef3-bcc9-4eb8-a23b-25cf88913296	1980823553
7ea4f9c9-b399-43d8-ac71-ba715293d06f	202166029
8e6e034c-d5c4-4b9c-a102-da51e4311e2e	2943560133
45445bb3-ba8f-49e9-8baa-8cb6aea5f201	3599604450
e1e46967-e695-4b24-a112-2075f468662e	3605566504
c688f85d-5b20-4dce-9cc7-61768098f9e6	2646434882
f6f79a84-963a-4e94-80c5-2fafa1762656	3603354867
637179fe-b18b-4b17-a6f2-f67a56933414	1052255478
22cb0c71-ff0e-4498-b57d-30b6e65dab7f	2207567388
ba08ed48-4068-4cdf-a598-200405fc14f8	1393186761
aa01eeb3-3313-47df-99bc-20d66fe933e0	3171500529
ef2720de-1e4a-45de-a616-d25aba728551	3960180429
9ec04528-a29d-4fac-8812-be71f5cbc353	2588533495
3ccf870c-bd26-4f81-8a28-0db3fb14e716	2588533495
eed8014b-966b-4b79-a6b0-8e90adfa1bb5	3751487373
6f044b9f-f0de-4a06-942d-20d0ab0e0fd8	2270084402
465d9221-4d57-4232-8a3f-d200a25f0ad3	3889108738
919176de-06b3-4470-a149-aa1b2266c113	393775577
88c3e981-2261-48e4-9a30-549f82b945c1	3752066016
58ca8065-fabe-40e3-9338-204a264f769c	476295718
adb10489-e057-4fdb-8af2-c6ed430d6756	3354807896
9cf5d375-2211-4598-a392-ad29f5446328	3294417098
d5cf3034-dea3-49cb-be53-05d087a87438	2250608643
a915705a-f3b9-42ad-b6d8-8358858ae72c	1984541705
2812d71f-ff4e-42d9-aa0c-bc0903c32977	3488960581
3b33cea8-5b33-4008-914f-ab78642d5b21	4140816534
b6ae3d94-385b-4fb2-9735-03e6880faf41	1052255478
786fefb4-9753-4ef6-a9b3-3dd88ac39c7f	3282452566
e792abb4-9b40-4c72-a63c-e34f0a88092b	3345045202
36f0a842-49f2-4c2a-9907-f76534fc73a5	3538576873
1e07b33e-a3c0-4f2b-abc3-82b81ce22910	2864590958
a7f6d198-fe04-4858-bcad-0828e63c84d4	1980823553
f22017d8-1384-4728-9a26-00eb0f721660	2250608643
2985f623-574a-4b3e-a4fd-5f39f06fd9ef	393775577
a6e30087-bd44-480e-b264-f006c09f3efb	2912222548
1ed3d432-7af7-4cf4-8e7e-5710da0a387c	3603354867
3ae9133f-56ef-4be9-a9a6-9d0827ab9eb2	4140816534
e857c138-30ba-457d-a646-deb4eb0501c8	1475973201
0008d66a-6f87-457c-8f97-fe211299950b	3425959961
7ddf0161-f144-46cf-979b-01e1530d310b	2270084402
60519941-8632-4b7f-8d8e-c9dc7bd3f357	1479694738
ca76d000-3f5b-4d0e-8401-dae90eac0f43	2764795913
a54383cd-e28a-4e0d-a903-dbba110551ac	2859396361
a6ed9fac-f6ab-495b-8cb8-44f7f7770b85	4038334604
48583f0a-5173-42ef-a777-8928eef40174	2926770932
c52a6c1f-c66a-42a0-99c0-e88b4269fe6c	751346170
c906baf2-b5e7-4bbc-8350-bebca8a71619	3842143975
ee8ba710-cf28-4ce8-bb47-c5e4bb8e01f4	3752066016
c9bb382f-90eb-430e-b099-2bb172f0432f	1142760152
b3cac113-e895-4b8b-9538-6a6a600037f2	3171500529
8a6e4565-7fc4-4430-92f8-d4194d991086	2646434882
7c797584-0f7e-49c0-938e-ca95747d62ba	1433317162
01069df2-435e-4fef-8ca0-471f416d4a0a	4150439570
bf7179de-2725-41e6-920c-cc9ac8c27205	2207567388
7f3678a5-f58b-42ed-b4b6-8c306f9261d2	1918852244
b91b58a7-8d54-4939-bd27-e4c0e84ff917	2207567388
47bd4466-b30a-4662-99b1-413b8d82aa5b	3842143975
e26ec458-f81a-4993-95c1-705fc38fcd8e	1661040623
15870983-92fe-49d7-a6ea-8f21782d622c	1608550253
1ed3828b-1c62-4a07-96a4-74b4f50d9bea	4131605465
45d3e669-93ab-44ec-91b1-90343d381898	1535287766
947e24e4-0ab4-4c5d-a78e-1f375ff40e0c	1100136352
6031ac2e-2aec-436b-93c1-ba9220e7977e	4150439570
95e1b81c-323f-4afd-89b0-932009923b3d	1984541705
73fbc1f5-b98a-47b0-bd61-ff7a27d6eabd	3124684287
50551f84-8129-4259-8166-0c8cd2192a45	3599604450
9c38fab6-94c7-4be1-b66a-3e457910ec81	2943560133
212c24aa-6a27-4112-8b3e-5a1ded4ca82c	1361752815
9d8bc4a6-b866-48bc-ac9a-b308561f0cd4	852939565
34da19b1-eda7-4dd6-963e-9f6c6fc24793	1479694738
77f75daf-b4bc-4d60-b58e-98a5b14e2b85	3425959961
323792ab-638f-4752-ae18-48d2b1c0af2a	2000081159
0fddfc60-4daf-46da-9d84-7cd689ac7b65	1742288653
13923810-6a10-4e4f-a42a-aa27be94ddf0	3889108738
158936d9-06f3-40fb-ba04-ef8da82428c5	1742288653
4e6ac747-199a-45aa-ab31-fca9d8781330	563309713
c2f01bd5-311a-42fd-b10f-d4e96a83a2f1	1512019608
fe006676-fe1c-4f78-afe7-1da74e0801ef	2943560133
80c8da5a-facc-471e-89fc-9d59a93bd65a	324007161
cda10970-5ae0-43b2-bbd4-0d55c00fc8ed	3354807896
ae8d9896-5049-498c-a2e7-b2a3c3e71a90	2646434882
64243f16-d248-4a02-9b0f-6a10ac7ca5b7	3282452566
63313bc4-d774-49e1-ad18-2725d6b846fa	1888819336
c6452416-6482-4bd9-ac20-22906c0ec604	1142760152
b56f1182-e03f-4813-84e6-88cda5d0ac01	574548179
a5548484-02d8-470d-b72a-45e31b24662e	1144074037
c3a6c62f-8fe4-49ec-9b88-2104e9371b6c	1199174736
12ed84bf-f87d-4603-aa2e-593b5d8182c2	574548179
2c1cabd3-fd4c-47a3-81df-9b8aef380799	536617595
c21c4a7f-9aa1-49f8-bc21-1c0fcb3da29d	4144029197
59516fc3-6867-4dad-9316-763afcc77a92	1980823553
9529222a-db84-4224-af45-f56d416760b3	1100136352
23981fbd-a6f2-407e-a6c5-7c94bb002611	2880332019
f103be21-80a0-46f9-91bc-e4faa93060e2	2187794748
b48a5451-360e-468a-9acb-2bd97f307bef	564734517
608fea6e-6e5d-45a6-a2a4-9853bb323080	3603354867
f5d04193-479d-462d-a0ae-c77597c52dae	4150439570
a1f9842f-f287-4ca8-b789-94109ba3cda3	839484690
6fc07a48-0fbf-44b3-bc18-b779ec3886fa	1340006211
f14b20ee-d0ae-44d7-bbb4-3ea1f675c355	2378087187
e5314b5f-7d76-4d05-af18-9b0be828ee99	2784834646
c593f77e-ff62-400b-b78c-862a6055e90d	2207567388
7e8a5eb4-0387-4d58-aec3-d13c46e55504	1535287766
3606ba93-b4d9-43cc-a8d9-61598647ef49	1229543819
f89898c6-9b2b-415c-a7f8-218392cf2618	1393186761
17363236-0d71-4b8a-ab78-cb0eb9ab3676	1888819336
4c602b0f-6052-4b40-b07e-fc7632c8c14a	1834491345
6941b1c8-8472-4e7b-aabf-a82875491bc5	2864590958
90ca87d4-55d0-45f0-b8a3-c9f4738d3367	1100136352
c22cd37f-9cf5-4208-a5ca-280697937015	2859396361
da97b238-f09e-44b4-ba36-8a346df0e823	2764795913
1c6ac345-0f8c-409d-b883-fb99d2f16be8	2000081159
fee6fe21-014b-4da5-a416-e90c97f348dd	2203613554
28f3fb20-3109-4e2b-836b-d095a481fc3c	824492632
019a6fb0-2d58-40eb-96e4-ee9660f7f0f4	1361752815
d15a4e76-8ba0-44a9-aa14-92c1e8770c3d	751346170
d7423a80-e8bc-4249-84a0-2aa7c0faea01	751346170
7b80f303-2725-4892-8c63-14c13d22b5bf	3798311982
0322e0fe-bb47-44be-92d8-3111036905e9	3603354867
9b752cd0-6bcc-4ed2-8e14-ee7b3dd4b625	563309713
1015260a-cb62-4aeb-be36-c374d10cb3c3	4140816534
e6f2bd2e-b4de-4ccd-83ec-2a53212180f8	3960180429
8e82f8bc-e980-426d-9e2a-cd8a1b928331	3485904792
eea7424a-c2c2-489d-9e8b-1ed0f9459925	3812595908
ceaf93a9-242a-4cca-a06b-90969ff41743	324007161
60a82f80-ee0c-4b4c-ac3c-12b9e5d4463a	1512019608
b4d5ac9a-03b1-48be-a33f-fc2979408d69	4032142115
107eb6f3-cfee-4ef6-886f-f3bcc5487d5e	2588533495
c86fd014-e94a-40d1-94b3-39c04cc95736	3204018216
92de9c91-093b-4240-a386-e90cafe8834e	902609034
8bc3ac4a-1be8-4504-9048-e1eae2523ff2	4032142115
27dce00e-b30e-4759-b15f-38895419a321	3171500529
365ca226-5cf6-4ac4-b90a-c496ae6c3ce0	4131605465
8ec8d6dd-7b8b-49ef-9dbf-8db37b6d101d	2880332019
41a03686-1f8b-43b6-b680-b5a05c62b67c	3798311982
5df41ac5-9242-420c-a8a2-97ddbadc02ac	1266221214
d652d864-48f1-4bbc-a035-b8dea047bd97	563309713
b4e67b26-2d38-4843-be74-4d00e414ee93	3282452566
cbe1b6f5-e21e-48fd-ab24-29904ba14241	3377838211
b037393f-4b84-4805-8eef-5b4faf555d92	3751487373
c074d1ac-8be9-47b7-b982-1993ad33408a	4254649063
96987c99-c8b7-440f-b38e-f6bc8524962e	3345045202
efc23cc9-e0ce-4b24-828e-d2e0eae35768	393775577
9b26a917-dee1-4bfa-86d0-fb3e6c58e54d	2943560133
2bf7229f-bc4c-4311-a933-08982ba5fdf4	3337508748
ebf53b7d-d6a3-4b45-8542-2c7ec0d6d90b	564734517
21d27f15-7098-4aa1-8385-4188f9a38dbc	3488960581
39ea90de-1c7b-4580-ac1b-084653211b41	2726759692
79f875da-b390-469d-a466-c73ac7e8e2de	3425959961
d05f0f1d-4d8c-40a3-a308-5cd752f32fb0	1052255478
e8cb144b-785d-4a9e-8f74-c658c2e3d951	4251873952
3d44a5ac-0a90-4264-96a1-295b1ff8073b	3377838211
2d782c9f-06ad-4392-bcb9-c75ac21b4a16	1984541705
884a3422-853f-4f1f-b63a-097c96d85d9f	1229543819
23e30555-2f69-410b-a24b-a97b46cfef2f	1340006211
064b69fb-4203-4424-8a08-2d0daaeaf168	1199174736
e1a9c9dd-a7c7-41d2-92a9-28ef286ba67e	1209812225
f632efeb-5094-4505-96f1-6c2672656a4a	3488960581
b9308e8b-8f88-40bf-b9c2-8c6bfffc748a	1030322742
7c2bb49e-b231-401a-8dd2-948d8e100951	1209812225
5849c017-62e9-4643-aefe-b155e95c414c	4131605465
1e717302-973f-4add-89e5-4fc111702d4b	3538576873
46400010-17c4-4e4d-9cbf-db3ed7de380d	202166029
709c2648-923f-4607-8b55-ad6599601641	3762609575
164edb78-ccf9-4c34-a876-f70f772e733f	1951601812
bf0d082f-4416-4e7a-bf3d-ee0667a07eb4	4190461926
d7534701-0ace-4c4d-a70f-a5c318ea93c5	202166029
2118dafe-7af5-45db-9560-152e7fc7928a	3798311982
d15c990f-c06e-4335-93fa-d0d170088069	574548179
146961e6-2af6-4c71-aa01-c8a7a1e2576b	4114764548
980fc16e-6e3a-4a61-93ff-0ba7b91eba91	3425959961
8d423927-6483-4d0d-8fb7-29a7abe4b183	1661040623
ab0212e9-c9e6-43fd-805a-d356021892d6	2926770932
230a2087-73fe-44b6-aac1-f5d679bfd777	3599505778
cda935d3-00e1-42ef-81dc-f7c714a161e2	3275610905
0cae1f8f-41e6-45a8-982c-49006e8c0614	4190461926
795bccef-da39-41e5-941b-b614c454313c	3603354867
7496ebc2-d3ca-4259-9a6b-558cda747da0	2784834646
1937f53e-b3e1-4420-ae43-2027c2eb7f69	1512019608
1b5d84a2-b968-4ec1-a845-9646196857ee	3488960581
40f028e8-8e76-4bc0-85ce-c0a6ac0a7d29	3762609575
4abc35cc-bf17-4a5a-8aa1-16a22bc43cff	3538576873
980d0a48-1bdb-4b19-91cd-7394313beadd	2864590958
38a75474-585a-4d0d-87b2-2c9e37292bdf	4190461926
c296094a-f237-4f76-b5e3-1a6abe8c2ef5	1475973201
ff60a6fc-0fa7-4e40-ad28-5c2774ea566d	1834491345
6cf14d41-a817-411b-b71a-91402512fe48	3798311982
8e570d5a-0414-4b99-bf07-2e503d910446	3124684287
417a498f-3eeb-4fc8-a418-a1abe3a16363	3751487373
060b86f3-fb70-4e24-bc89-d538bf734a62	1535287766
51f96ee9-3376-41f9-adb2-3dbe3578ed45	536617595
639ef80f-2890-4311-b5cd-d5570950e48c	1229543819
9f0b3697-68b3-417d-836b-345ff7018ecb	3337508748
4ef1daab-a38d-41be-8292-d6e58f17ae01	3960180429
9176070d-0b56-4733-912e-9294013fa73e	1742288653
a54ba6bc-d4ac-4662-9db3-4056d6f8e439	2926770932
416f833c-f305-48a9-8823-9325dfa02685	2250608643
ca9b2b87-07e5-47ce-9660-8228980bc164	324007161
80089cda-5e79-4291-b95e-669f199f88a4	2764795913
4e13196b-11e0-4d5a-8d5f-50a261ca9a3a	2912222548
3158ed1c-4f5a-4dfa-bfdc-e5f3d8352e06	3960180429
1e353039-9393-405e-8f15-545e9872f62e	4254649063
a6803618-7750-40e4-a4a5-1ab3a9c8534e	2912222548
ae871e95-dc3a-4fd7-8a9e-2a4464e3390a	3538576873
f571ec64-c330-4d0a-a718-6e023c790d8f	2726759692
ac810fbe-76ad-474a-b9b9-58d22b496a2e	852939565
b7fb1a35-8a98-4964-b7f6-370ff9d02de8	574548179
e9885e0c-3bca-4db2-bb7b-36e234d8968e	3275610905
84ef4211-09c5-4e4d-bfa3-449b926d4f23	3488960581
6e7379af-4f78-41c1-9a09-d5f2f4f91dee	1433317162
22ef5faa-1b1a-481d-a35c-8fb70967b3c0	2609259492
b8686351-4ae5-4416-97a8-e2e6b4ce76d6	3204018216
b778172e-c11a-422c-983e-0e7804ad8021	839484690
1fd7ace4-571e-4053-9101-e5119708ede0	1433317162
52b99ba4-7502-4542-a0d6-9ff69059127d	2358393908
d0325ca4-ee44-4c6e-8b56-e63cacca7b84	2646434882
1bc9ddf8-3254-44c4-9e0e-53c5324446f6	4131605465
3a7cdc05-d690-4b9f-8183-b5316f9b2582	564734517
53448df8-fc14-4aa9-9e47-52e9b0812701	1608550253
1a3f47e2-f4ec-409a-9b39-8923001fc6f7	2588533495
14f2e7a2-2b39-420b-b6d0-4690e5d84386	1535287766
4b61fb3d-a39f-4e80-8c97-b0fb860e1aaf	2816400542
3c839c70-8ce5-4524-8fb4-6e264e22cf71	2358393908
e99e94da-c7b1-4487-ae71-bfce96bded8b	3752066016
08aabf56-12d1-4a98-b2af-902b84086ece	1608550253
f913e232-a8f9-447a-85d3-f675869c4811	2864590958
51b5d546-a567-4ea8-b24d-aa855d7d7439	751346170
90b7ca81-0ca4-4fd8-8084-72eafef9f821	1142760152
ad8f275d-2f8c-4bbf-8f77-90c95bce64c2	2358393908
f8f5e15c-9a29-4333-81f9-9fd15393f3aa	1144074037
6e4c9f8d-9657-40c2-9466-13e925136dcf	3275610905
2b59182e-b101-4027-8521-c499590841d5	2378087187
92bad355-11d7-430b-be87-17ba06782ce7	1393186761
e168ccb4-d861-48fa-9255-499fce71ab8e	1888819336
4bec0e9d-d79b-4b41-b8a1-3e4dda934fb9	536617595
b20702c1-3844-4b1b-ab8b-ea98e6b8134e	2648294038
3f1aea94-345f-4bc8-a229-08fca1f1e2b2	3751487373
b534e7e3-b73b-47d7-829f-864785725e6d	3337508748
64120f39-0f32-474a-8126-bba90e9227b2	2859396361
8817aaf8-1a69-49fe-9a42-2282b372e61a	1742288653
c42b63aa-2aca-4402-b5ab-1540b8965e7f	1266221214
a19bf238-af86-4d67-b2aa-f9d7ad2cdaa8	536617595
c586cfed-f5ed-4fcb-ad4e-4a882a5dc5d5	2943560133
3f7002ae-f322-445c-8df4-78d740867914	1393186761
5b737423-6205-44b4-ba3b-f997fe7f3d81	3538576873
7c84eb88-b0d5-46df-8939-59bab3d3bfae	902609034
a5cf4110-62fe-44f9-b9ce-32eec28ca713	3605566504
a53372d0-59d2-4041-b2ca-6096d2a2d0ed	1030322742
03e66474-f252-4c1e-914f-daf65cd4702b	2880332019
26c81b39-d6ad-481b-a80a-903721a55693	2943560133
9a24d842-3f70-4f24-a874-308c60ec484f	476295718
fa36b1f2-da27-4d04-a56a-d98e75c76666	202166029
48216691-e4e7-4b45-ac30-c4a53ef81e15	1229543819
d7cad45f-fff2-456f-b21d-5ac1a9085c1d	2270084402
10e5ec12-50a9-4f7b-83ef-815c6924ab8d	3842143975
397c5ebe-6008-4c13-8bba-a27a51dcdfe9	3762609575
f1bce57c-675a-4071-bc33-09fdccc947ec	1512019608
3b9cdd43-9659-4109-8b58-40d4914fcd76	3345045202
5d871de5-c16d-48ed-9ea0-9a04d45039e2	2207567388
4dc8e0eb-5fe3-490d-957c-713733f59524	2378087187
865fc57d-8084-4203-8056-6f417efba3f7	3282452566
a174fc28-4ff0-4bf9-8a71-6a452cc4ce11	4032142115
6c94cd7f-6b9b-41c1-9b4e-764c7fc828b3	3812595908
88216e67-b00d-4a6a-b000-3146d4571c7e	3282452566
74fcaaae-94a1-479c-815d-3e9907a14293	3599604450
ebdf7a81-ed9a-452f-99c7-b8d39a17089f	1321322089
26887448-056e-429d-a0a7-e5e219a7fe97	2609259492
6073e744-784d-4592-8eaa-33c6fd4515be	3538576873
5e014024-71a0-40b3-8079-e303b99bb64d	1142760152
56bb648a-3b55-41eb-b616-28fa0c3be98f	3425959961
78215d95-ec3b-4d32-81e2-6283c1284084	3605566504
1d8c8e7d-4179-4006-a692-adcfcb8d5821	3275610905
5ef20374-ccbd-4ff4-ae09-bdc7b741f571	4114764548
f5810058-428c-4148-a690-712fbcab03d4	2207567388
3df817f8-16b5-4100-98d6-0a1578fb54c7	3603354867
743d4843-e176-4999-92d7-81f843f45cdd	1340006211
b11547f0-eb98-4601-a562-80ca1e0e247d	2926770932
234579c4-602c-4691-9b63-e1ef4b9dd6f8	2187794748
ee9cf015-df96-407b-89d8-cf4191063ee8	3204018216
1248ccb3-a328-4eda-bec2-839d4c7cc31a	2816400542
acabdf89-fbed-4d4c-a22f-4cfbb7a49e63	324007161
e420c3ed-d79c-4bc9-885d-42cd0cc2052a	2764795913
4789b970-8a7a-4658-971b-9cc5944e218e	1229543819
8fcf43dd-d11f-4f08-b323-9da0413bc4b3	2250608643
2a526af4-1ef1-45c7-b451-497dfdb79811	4140816534
b711a328-4b55-4777-a35d-d3ede4dec2d9	3485904792
4daf8bf7-a493-485c-bccc-647da6c369f7	3941740024
aa2dfc10-4b21-4e29-8c49-7f54d8d6db7e	1479694738
a78b8e9d-ba7a-41b5-8399-f948e810cf60	2912222548
3dea1158-cae1-4e93-b600-8a684391598c	1266221214
a45823e9-1ad7-424a-a0dc-638d33a158b0	4254649063
3f29b631-598b-42aa-a4be-18f8910452a2	2726759692
a6189cec-05c5-45af-8a87-1fc8c30fc95b	1052255478
7cf0ac84-28f4-487d-8ba4-b2d2adeb38e9	2864590958
2e8cb470-e55f-4b63-80e9-478b8187ddbe	393775577
f944a5f7-b0ca-44e4-ae8c-6b553b852524	3812595908
db69a0ef-9cb9-40e9-98b5-25833b84ce02	902609034
22ab6dfb-0d24-447e-9409-415a475da8f5	3485904792
32be0c24-767c-447a-8d53-b5dcba230692	4131605465
7f80927b-d216-4ebf-a0d4-41d79a47fee0	3960180429
9b3199c6-4f85-4f87-a90d-0f1e2c816817	3275610905
89cf6f90-9fef-4e5e-9923-bc670e80c0d1	2943560133
73c4388f-41e4-465b-9b3c-f1662b9417ef	2358393908
f4298e0b-edbf-4261-9e40-974d280b1acb	3599505778
9c75628d-dd08-410e-8816-3776343c845f	4150439570
34e1cdee-bc21-4a3f-b4ad-5fa6dad1508d	1100136352
3da0f464-3929-4111-a06c-13a7934ab021	564734517
66b6a298-8ff2-4fa1-b597-15e61f5824c1	2912222548
f4a99e15-1e06-4c76-973b-d9ba9aba2beb	1144074037
a4f02ea2-008e-47ac-a3d9-3d5ea6d79814	1479694738
73adcbd3-ab75-4ee7-b477-91a743099c6c	4144029197
725d98f3-d1fd-4547-97ab-6aa4f6c29049	2203613554
d3c0c35a-15dd-4472-ad2f-6c28dcb7dfc0	1479694738
1f55067f-f675-4f74-bbbd-af946d0727a1	1393186761
7b6713b3-db5a-4790-835f-bfb048c5cc53	2912222548
6c7bf6f2-9124-4485-9fd7-5524bab8e4ca	1433317162
70b57047-d1e4-4cb4-b7dc-37d4542c3f31	3425959961
231ebeea-eeb6-4ed2-adf6-3042ba77488d	839484690
751cab12-1d3f-4f98-810b-88ca9590f42e	2859396361
611ea2af-c3ff-4178-8ca4-cdcdc342674e	3538576873
7ec2c9d2-d808-4ec2-9347-90edc66158a4	3941740024
7197b0e4-3589-45b6-834e-cb4dbc17f2aa	2378087187
45a57361-2f8d-4e6a-805d-bd8a3a93e830	574548179
4c0d9a46-258c-4816-935f-ac209752f5b6	2609259492
c0c6810f-7b9a-41ea-894f-c9cdadaa2992	2203613554
c470576f-c6a0-43d2-b93c-97d7724b3c84	563309713
579e39c8-96c5-497f-9aeb-3fdc01d0abcb	1229543819
416f3f7a-b45f-4ddc-8cf8-ddf8427d69f8	4140816534
3f7950c8-fc9b-4836-bc09-21c41344b3e8	2270084402
9280e8ee-0bc7-4347-bc8b-2a0f9b509cc1	1951601812
ab9afccd-0cc4-4407-9c5a-6d81358c6a9c	2726759692
5e0561c7-b933-44e9-8853-47972cd68728	476295718
9abeec26-aebc-4c56-8486-e8008ae616e8	1475973201
24eac64c-8466-40a3-8606-7a6c3df90f0d	3294417098
b8dc6d2c-1c70-40dd-99ab-7810034853b0	2358393908
1e1928df-2087-4c5f-b31c-fac7db2b03e9	324007161
5dfb8a77-6af6-4eed-9f94-27a7113828f0	3889108738
35198f03-4367-4c52-ab9c-6e8bf36e6c57	2816400542
5041d1a8-7a45-4b70-a94a-6a02f4e2b5ec	2764795913
ab3b4e0b-1ad3-4c8a-a273-a5af17d44ba7	2609259492
684516d1-d31e-48a4-b863-a36e4e2c7a71	1361752815
b8025284-eb1f-46ce-ba50-2ef552737626	2784834646
bd8064dd-7369-4e5a-8c25-99dffaf54b73	3599505778
0b823c94-1340-4610-990b-35b336edcd74	3599604450
5024a165-56e3-4c7d-b413-48d4d1bb4f9a	3354807896
e06a8933-920f-4aae-8c06-361aef5f461d	3354807896
40926cdc-f753-43de-be0b-2a567fe6b760	3488960581
9b48c77f-d9e3-4c56-9aee-c333b6954bd5	839484690
d8d22bd1-0eb1-447e-9d7b-a1f5a3a89377	1199174736
f503d76e-8ef4-421c-a090-edeb249eefc0	902609034
b491b14e-41fa-430d-bb09-b65a6758a53a	574548179
4fbe499d-f5da-40cd-a24d-ad261b470451	2609259492
d6974858-f767-4a09-a99d-f76b0005009d	1266221214
1ed13a75-06e5-4329-9233-79d1c8d1dfa6	1199174736
2982acdd-a178-4d0d-99c3-99dca9977f8b	2816400542
cbc9cccd-eacb-49e5-966a-3e4b0376f36f	4150439570
9522b103-3daa-4dee-9318-3ea49c18f8af	476295718
5c3e38e5-2344-42a3-beae-4b232aa7ead0	852939565
c583d032-aac1-4dcb-a796-538a2f3c3976	1100136352
bc9578f5-1055-44e0-9fd1-0b03f6487bc9	3751487373
f33ee3b1-17bc-440c-a316-4e1577583ffc	536617595
ddc3dc94-93c0-452b-ab8f-57466999c84e	2187794748
ad943bf0-3447-4de2-9add-3fba319e04ee	3204018216
0de43a36-f98c-4066-af8e-6717c450bd43	3752066016
5cefc9eb-6269-4f60-92f7-4efb24badfd4	1321322089
eb6b1b18-9b56-4b9e-9ef2-7f3576b971d5	2880332019
e393c4cd-17fd-4f6d-a764-f06bdc234dee	3204018216
b83059e5-9146-4d40-b569-198a59011dd2	1951601812
00984bb1-6211-4ca4-aa64-e197be1e0ccc	1209812225
8749bad6-176e-49af-8613-b7f66ba1e15e	3599505778
3f1743bf-a13f-428f-bb15-bdefb4c807e7	2378087187
88ccdbf8-f364-435b-9a4c-bccb3affe96b	4140816534
018bfbe2-c804-4b95-9ef7-c348cbaf8820	3752066016
ab10efd2-3e0e-47ca-887b-ba115ab7e768	3354807896
1a2bbbc0-173a-4cb2-b01c-cef55143b33b	1535287766
fbdc3de0-90b6-46fd-8f83-a0678309c25a	3599505778
2ef46689-4011-46d6-a95d-2fa7f0dd6319	1266221214
54dbfe67-997e-43b3-b94f-ead3b71302cb	1661040623
4ee6f9da-a2bc-4f4a-af86-4fa766e1ae16	1475973201
f12fec3c-d7dd-45e1-9476-3f62292a173e	3889108738
5b062713-e5a0-498c-b7d7-908d9d2309df	202166029
61af705b-9325-4e88-add5-5462965bac1d	3377838211
025c9b20-8fb3-41d4-84d8-c257613098b3	3798311982
b3c33f6e-1ae1-47d8-9a52-a802ed90baef	3812595908
89423c7a-11f7-44e2-a64c-b9382267a207	1980823553
c0b06df0-6c8e-4ecd-b8ff-1e658da34a0e	2926770932
27ffc71c-2668-49ba-84b1-37adfa22d358	476295718
87350f26-7c59-45a6-a7ca-1772eea6a5cc	2816400542
6e2d9c09-3bd1-4f80-a6c5-ee393371b34b	2648294038
abb4062d-f838-4a90-8e2b-b965e716474c	1144074037
4997f859-8891-4525-a424-e8e257ed5811	3488960581
0d7840a5-8f60-404c-b8c6-bb18275330d1	1984541705
9740f40d-1379-49f6-a498-a52911609427	3762609575
f4cdba32-7c96-4607-b9aa-a8149fd31889	3485904792
25511f2b-8963-496f-a21e-352802dde701	3204018216
abff43d8-a6a1-4d1d-8918-a397e1d905e4	1608550253
59bc1e09-a3e7-4411-932d-b7b05931bfc9	3960180429
c3716076-68ae-4a71-99fe-b6f3d74a3840	1266221214
68afcb99-1a62-42c0-b93d-56d83bdfd3c4	4131605465
87baab24-135a-49ed-b2d0-90d0c4d8305d	3171500529
bbd5d528-8a88-402b-bde2-8c28a5d85e40	1479694738
7e9b2b3b-dd29-4aba-98cc-fd319c9b5ba6	4144029197
4aa6a84b-2f4e-473a-b18d-7f7c8840b020	574548179
42bb14ed-34d9-410f-a508-9346fb04ca98	2859396361
3d228119-afd5-46d2-a42c-c2cddbfca86d	1209812225
657801d9-6862-4d39-8890-d1414b2fbe67	3812595908
7e43a998-affc-40f8-9d91-9118962ecba5	2648294038
c21c70fb-0fa5-413b-a132-f58e27b38e3a	2784834646
149f9dc5-4096-4c4f-9466-93dcf89d95aa	4251873952
7d63eac3-41a3-4cbd-8345-45078129cd11	2646434882
f3a89a1f-07df-4c4a-93db-5218f8227084	1980823553
ff1c4790-4cdc-4da6-87b2-759cf6437728	4038334604
238055fb-c9a0-4217-bbfe-5b54c64d189f	1535287766
caa5ebc0-76da-4405-99d4-618c6194878b	824492632
3fe184cd-c83f-4a20-b560-a0b2540c6e14	536617595
eb5da5b0-8b3e-4a93-b06c-d4d7ceae70d9	4114764548
474da265-d7a2-4460-9f95-29b9de4dcd99	751346170
9aa51f07-ce4d-4229-bd1b-89899a2a7c05	2588533495
be158288-adf3-41e6-850a-16cfb47cdaa7	3605566504
b8d0cc2e-7089-4192-b225-62b9372792d5	1535287766
523725fd-9e08-45fa-afbe-046ae4376c28	1980823553
b8135dde-62f5-48d2-8f2b-3f27aa7d61cd	1512019608
ccd6a8d1-a3ab-4239-8825-831735f8eb37	839484690
6e1e97f1-6e8c-4a53-9fe2-b7f6b4df3a04	1951601812
52c9bc9d-b620-4e22-a7b2-49bf981c4988	852939565
bac62d02-9ba0-41eb-bd6f-829d0712e878	3294417098
75a34030-fca7-46e2-9655-b0409a684700	536617595
a36c8e9c-02e1-4e8d-9e9b-dd4c3f5301ac	3599604450
7820af47-a360-4fa4-9905-0c5cc651e341	4114764548
54677f1b-5644-4ae6-8124-2b2c9a2ba2bf	2187794748
6e8d6c0e-1baf-4329-a392-ae36e7ad55c8	3485904792
2748e26c-9a11-40cf-9ee2-48c400083352	2816400542
18ef90fa-6ea3-459d-bf96-a6b5a3587315	3488960581
ca9a0cb1-1015-4def-8e21-0de9ef2aed95	3124684287
e6367efb-ab53-4f7a-b59a-bfece7cd3beb	1742288653
5860699a-1cde-4ab3-8d8c-b8be4ef86994	1199174736
411abb2f-bc43-4498-b10a-ae7361c87110	3603354867
7f9f1b58-a304-4f3d-a540-7ed10fa97fc9	1535287766
5d21da1b-77f3-49af-b2ee-438c966a3cc2	2726759692
3aaaf59d-bff1-429b-9006-051de6bd015b	4140816534
dfe171e6-99d6-402c-86b1-5e3cc9945b86	3798311982
78b0d1d8-362e-4fa7-b23e-e506cc6a18b5	1951601812
5acbaa77-8827-4bc4-8621-b07f01237fc8	4038334604
753d7430-5a4c-4d50-9d26-05932a9b5131	1030322742
89cad19b-0c85-4aa6-a758-0621bf3de3e2	2378087187
db5c04e9-672e-4225-b06b-8743de740c96	4254649063
b2ab5102-e8d5-4799-bb63-eb7ee2101d31	476295718
7babda5d-d987-42e3-ae0a-ab8586d064f4	1361752815
7ccd6e8a-4f87-43ee-bea7-91a677a83402	476295718
48942ba1-a034-419e-9bae-c8406cc268bc	2864590958
dcb40ef8-055f-4829-b2a2-79221f30e69f	4144029197
d58f3c7d-2a41-4fe7-adcf-86d90148dcf2	324007161
5ab15b8e-ffa4-482c-8ea5-d06ab46cc8a8	563309713
e8ceffe4-6be5-4e7a-a550-94dd37d14e06	574548179
e310fb60-73ac-40b3-b69d-c54e13f93c61	902609034
fa1e8b9a-784e-4d66-857d-5361d6521e4f	1951601812
80813c2e-06e0-49e4-aa79-3b5ed2431541	902609034
d8377005-8368-4747-999a-718dd244dcce	3377838211
fb223cae-3a7d-4c8f-b105-7d2ac0ecf9e7	3842143975
7952166d-8176-4a8b-ab68-e47533e0e07f	3889108738
e3d32525-c985-4c59-ae11-f964533e43d0	2000081159
305d891d-6915-4384-b75c-8a7800ae7959	1361752815
111deb81-cff3-439d-a81b-0ab9cdb51ac2	1888819336
aebf6551-6908-42e4-b0cf-64563af53508	2203613554
a04539af-8d13-4ed7-984c-aeaeb52038b5	2726759692
96bf587b-a6b8-4f34-89d5-e18f174e61a7	839484690
44506f76-ee01-4e0d-bb81-d15d30ecb776	1512019608
6da3b0d9-9ea9-4a10-abc4-7424bd3937ea	4038334604
96550e8e-847b-4af2-99b4-d651cd00a2ef	3960180429
e1612e46-b9bb-45fa-90a1-82d02d3196c4	1918852244
d0fc1a61-e749-49c1-902d-e53b4634f86f	3354807896
7bfb4584-e585-4255-8b64-8d6ca8143d10	2726759692
5b21d8d7-2961-4db1-84b1-99f6ac88e169	1475973201
88de2abc-5aa1-4b73-8b1a-8b741d0a1743	1980823553
1958c998-2591-4f01-a64a-fbaaeeb6792f	902609034
fcea93fa-b89d-4787-85c6-8e04afeeef8d	2880332019
d6bf67f4-f1bd-4ece-9c70-ba25c2d9887c	852939565
076c2acc-f02b-48df-96ad-2842a0d52978	3599505778
8cec372b-325a-4d95-a2e0-0504ab76725b	1834491345
a2234ada-5388-427f-9dc7-ae97f50d3f93	3752066016
251f38e2-7871-4ca2-86da-d29459aac6e7	2000081159
19bda850-4506-4b03-bed2-ee786502e0d6	4254649063
7c738185-4256-4a4a-ac65-2c313af12242	3762609575
63e5f176-9c40-43e6-8685-ff77eb00f291	2912222548
162b2dda-f7fc-4760-a2e0-22c1133cbab1	1393186761
f39f8f05-bc84-4c54-91f2-6f2ab881fed9	564734517
f449e20f-c6e4-41de-b831-043f4aa6c23c	3751487373
5af9f923-c309-4a3c-87ce-afd107877b4d	2378087187
306c6941-3119-479b-bdd7-09b413d312a5	3294417098
26b5eb64-f475-40c3-bd8d-b395a2dd6093	852939565
bc71b12c-f010-45b3-a683-98b4e540f4f5	2816400542
da99e8e7-0410-44d5-9b72-c222f9fed164	3762609575
433e7e21-4b5c-4776-9a53-bf5346d7a00f	751346170
efe93ff7-17e4-4b5d-b843-a94eed85f3b9	2943560133
951f8ae2-6083-41c7-aa98-09798c05dd51	563309713
bd756926-de52-43ea-86e0-b0d044b84fc8	4032142115
e815ecaf-fbea-48c8-a988-4d5aeea322e7	3599505778
483389ca-4e49-43a7-b8b4-8e3b50d74f84	3337508748
25d358b2-4b21-42fb-b814-5ae490aab4bf	2784834646
292db220-729e-4839-9b0a-2184c96d860d	1888819336
421cd995-72e7-42a4-a073-9eb37008c586	1475973201
c1e89a67-e486-4115-827e-86955f02fd64	3960180429
7adc420b-d6a2-4486-b8ff-ed216bc6be37	2880332019
a6ae228c-0c38-4af4-bd89-cc040ef4aac8	324007161
c5fb82ad-6220-401c-8fab-db2c32af73c7	1209812225
01855f70-6861-42a0-92ea-20801edd2d78	839484690
c60f95ad-259e-497f-ac8a-860b1abee15b	1144074037
45ff441f-2663-458d-a8e1-de1a3d598602	2207567388
b4d9a32e-9339-43a3-825d-08b3662c7a65	4144029197
8c6ff6e1-c195-4d2b-ab25-9c17648b59d5	3812595908
9bfa32d8-11ce-4c0a-b119-b211d4acaf75	3124684287
b203fb8d-6717-4e09-b493-d82bc82eb1e5	1951601812
051ff222-3148-41f8-9a48-f30543b82e3f	2203613554
da0ccbc7-f25a-4a1a-bbdc-ef019c1738db	751346170
c0b3d7ab-3854-4674-8c9d-3e1d5d8ca083	3171500529
eb295d35-ab43-4649-82a1-ba53d608c6ad	1142760152
8c2f227f-543a-4db6-bb0f-99b255bbf0b8	574548179
ed6eee98-e808-4b1f-b95e-5ed9a95632f4	2378087187
3cd8cd0e-c4f3-4267-adb3-ae48dfcbbf78	1661040623
82629e0f-ee6c-4c7d-b42e-a9f69e0ccd76	4190461926
684ad45f-3fa3-4b8f-a6bc-b460dc094982	4114764548
ce9f8aa7-963c-41a4-92ed-d2017d3c2b7f	3425959961
9f95c52c-42d8-4f7e-a156-8343fadda2eb	2646434882
91393ea7-f0bc-4b62-ae41-55f9303fcfff	4254649063
56d04a5b-4540-46a1-a913-fd49fa614d5d	3960180429
e97679ce-2e00-45cf-a550-5b8f9696e053	1984541705
b6324bc9-45f9-4fa4-a38d-980d43edf1f1	4150439570
3e51220b-7355-443f-9e35-98ea8e81d41b	2648294038
b7cdf996-8465-4c0d-b1ed-de9d06af56e4	1321322089
a4cbbbcd-789e-4e07-ae7e-139af07fbae8	3485904792
115fd86e-2515-4dae-826c-9b251a2ce642	4041315563
09b75eda-aadf-473e-98cc-c33149ab046c	3798311982
c1f9b868-98b9-4342-ad4b-18323ef7fa30	3751487373
e1b6d91c-7219-4d4f-82a8-0c4048367fd6	4254649063
fcfb382c-eacd-45d0-bafe-bc8686701ed6	536617595
d9506f45-c010-4d38-be04-d3cac02d7be6	3377838211
098dcbac-871b-41dd-92b6-94a79bca0980	3345045202
a90e6e07-3e97-49da-be21-f9515280b213	1433317162
a78c2e96-97bb-4c34-bb11-2e755868f544	839484690
547f3a9d-ccd0-48d2-b2b9-c3843ff3d33c	3941740024
29187a36-b553-4a7b-a8f9-c204fad82a10	2000081159
e7bce3fe-b3c4-4630-a880-0edc49c469fc	2358393908
337398f5-bfe6-4520-bbe8-45dc1911e6ae	1142760152
06336c64-edf4-4bca-bbc7-8a7fba6c6b3f	2648294038
3b23bc6b-8fd2-4b6c-a6e9-507151823e6d	2912222548
edf7c1f7-8916-4070-b10f-b7f75912210d	1479694738
b24e7c99-ea37-484a-828b-3cb025a35f3a	4041315563
7736ccff-b1ef-44e8-bd57-a2fdb1840645	2726759692
182aa09a-5926-4159-9dc2-5a496085a257	2784834646
dafa5b19-2324-45d3-87e1-c80b9bfadb73	2270084402
8e4d7db1-3cc8-44f9-af37-e88213eade64	2250608643
acb63304-e8b0-4e13-8cb4-63b85af0a2e6	3204018216
f92610e7-53af-41ea-a345-0bffc349cb75	1608550253
6481eaba-247f-403b-b3e0-fe89f135e12c	839484690
3828bf02-bf10-40ee-971f-e519b8cf8ffc	1030322742
d015cc65-f14a-471b-8460-450c2ed877ad	1888819336
492f202a-520a-45e3-b31d-d11421aed690	1321322089
4d2d457a-ed5c-4718-9b61-67c07cfad6e0	3377838211
985cb454-3b6c-4a97-9bfd-0dca7d5aa36a	3603354867
b7c7b5c5-0d47-4a4c-a32c-c4459cd8cb6b	1888819336
92aba381-f426-49d4-9851-3cdf5c2cfae8	4114764548
1430b1e2-9c46-44d6-aaf8-58d256923a15	564734517
46779e94-c01a-45b4-995e-239ca169a29a	3941740024
9102c0a1-8e64-4281-b2d7-a83cadabc189	3124684287
3755f7a4-d47f-4419-ae56-dfab53c349ad	2764795913
ec115ccd-ec0d-42e8-8e4e-9626f9f16ac6	1918852244
bceafc32-ad39-45d6-a299-b731d8b8fe5d	3752066016
014a5178-27e6-4894-8ad0-4d5917bd83d7	1030322742
05e9f601-7cf3-41cc-839a-7b7dfa2396e8	1535287766
06eb3c49-b08b-4e7d-8ffa-ad6be561f739	1199174736
fb91a111-77f2-4076-b25d-804863312b14	3752066016
30a0db0f-ac28-40af-b335-a50fe40197ac	4140816534
f8bdd2c8-b890-4f6f-9477-7afbc33b6c82	4140816534
8f9fb9fe-e466-431a-95b6-342ee91986e1	1321322089
babf7951-9d65-47f3-991c-14a01324321e	324007161
2ea75d74-1758-44f7-8f41-7c5dd83e1fb9	3345045202
eda13a24-9a21-4a03-99d8-755ed06e88c7	476295718
9addec55-84ad-4261-aa97-b79ed33c380a	2378087187
6a5bbf85-6ebc-4a01-b0de-cfe079a760d2	1742288653
7d424f60-cd4b-4b0c-82dc-57c0d89b21fd	3282452566
a5f5a1ad-2564-4abd-8cf6-943b98ad5341	3599505778
425a6720-c8af-4968-aeff-f4b7de784155	1340006211
fe1d91bf-69b5-48e9-8c4c-2b8b6db93c05	4038334604
2780f3b4-e6d7-44a8-92f0-cacd34dd2980	1340006211
ef96b347-c9de-43ed-9dc5-9b4bd8d99940	1984541705
5001e47f-e299-47cb-b8a4-a3a386232192	1608550253
ce2a48a2-5b0c-4d23-bc31-8f6e4be52c50	3605566504
e934b1b1-9c23-4ceb-b9b7-bc1f39b31bfd	1834491345
a7a4d97b-d98f-4a27-9b5f-2db754e34859	2926770932
78f512da-ca0f-44ac-8307-e8d3fbb7645d	1475973201
ffc7a36e-278f-4d9f-b9be-f184212a19c3	3282452566
e3161e4e-7919-412e-af60-72057055bdc5	4131605465
b863cafe-3f68-4f0b-a7b9-23d155bf2dd7	3485904792
d6c98507-b5c3-47a7-b759-feb86b09bfe4	1512019608
6b87bebe-6a49-4e01-aa6d-413079f32167	1209812225
fa2671ce-8a0c-4498-99fe-cfa22fee670e	2187794748
c8aaaf73-4c51-486b-a114-da3e4fe9c21d	3812595908
376a2e5a-003b-4b9a-8f7d-67839c05c327	2609259492
1a3ef67f-772f-40c5-b191-be7b2a4bfc72	2270084402
9081f813-2ceb-4600-9d0c-d00f8cec1fdc	2588533495
6ce8c1ea-128c-429e-86ba-58b0c7734e30	4144029197
5a5c00d5-4391-42ac-b5ea-958b08d8552d	2378087187
7e36ca8a-714c-4140-b9f8-527cdfb7e4c6	3171500529
d543b24d-57b4-4b59-9e05-77d597bbf4c0	2250608643
b1a176d9-e7dc-4bb1-bac8-833990a7d35c	3488960581
16917e75-f540-4146-9532-aef78cc907c9	1661040623
7cc8eca8-e0b4-4e31-b360-37813eafb4ef	3282452566
f3ffba19-18cd-44fa-ab44-3aeeb97daf3a	2880332019
993b5d93-0124-403e-839f-002677863bd7	1918852244
95a7ae22-1b65-4a56-be79-7a8c69e02b44	3171500529
7472bfc9-75fb-438d-8770-4af8e9b90c95	1266221214
